Title,Body,Labels,Status,Parent
"Epic 1: Setup DevOps & Environment","## ğŸ¯ Epic

[MÃ´ táº£ tá»•ng quan vá» Epic, má»¥c tiÃªu kinh doanh hoáº·c tÃ­nh nÄƒng lá»›n.]

---

## ğŸš€ User Stories liÃªn quan

- [ ] #issue_number
- [ ] #issue_number

---

## ğŸ“‹ Ghi chÃº

[ThÃ´ng tin bá»• sung, tÃ i liá»‡u tham kháº£o, hoáº·c cÃ¡c giáº£ Ä‘á»‹nh.]","epic","Backlog",""
"Task 1.1: Version Control: Git + GitHub repo","## ğŸ“ MÃ´ táº£ Task

[MÃ´ táº£ chi tiáº¿t cÃ´ng viá»‡c ká»¹ thuáº­t cáº§n thá»±c hiá»‡n.]

---

## âœ… Definition of Done (DoD)

- [ ] Code Ä‘Ã£ Ä‘Æ°á»£c viáº¿t vÃ  review.
- [ ] Unit test Ä‘Ã£ Ä‘Æ°á»£c viáº¿t vÃ  pass.
- [ ] Integration test Ä‘Ã£ Ä‘Æ°á»£c viáº¿t vÃ  pass.
- [ ] TÃ i liá»‡u Ä‘Ã£ Ä‘Æ°á»£c cáº­p nháº­t.
- [ ] Deploy lÃªn mÃ´i trÆ°á»ng staging thÃ nh cÃ´ng.

---

## ğŸ“‹ Checklist cÃ´ng viá»‡c

- [ ] Task 1
- [ ] Task 2
- [ ] Task 3

---

## ğŸ“ Ghi chÃº

- LiÃªn quan Ä‘áº¿n User Story: #","task","open","Epic 1: Setup DevOps & Environment"
"Task 1.2: Dockerize tá»«ng microservice","## ğŸ“ MÃ´ táº£ Task

[MÃ´ táº£ chi tiáº¿t cÃ´ng viá»‡c ká»¹ thuáº­t cáº§n thá»±c hiá»‡n.]

---

## âœ… Definition of Done (DoD)

- [ ] Code Ä‘Ã£ Ä‘Æ°á»£c viáº¿t vÃ  review.
- [ ] Unit test Ä‘Ã£ Ä‘Æ°á»£c viáº¿t vÃ  pass.
- [ ] Integration test Ä‘Ã£ Ä‘Æ°á»£c viáº¿t vÃ  pass.
- [ ] TÃ i liá»‡u Ä‘Ã£ Ä‘Æ°á»£c cáº­p nháº­t.
- [ ] Deploy lÃªn mÃ´i trÆ°á»ng staging thÃ nh cÃ´ng.

---

## ğŸ“‹ Checklist cÃ´ng viá»‡c

- [ ] Task 1
- [ ] Task 2
- [ ] Task 3

---

## ğŸ“ Ghi chÃº

- LiÃªn quan Ä‘áº¿n User Story: #","task","open","Epic 1: Setup DevOps & Environment"
"Task 1.3: Docker Compose","## ğŸ“ MÃ´ táº£ Task

[MÃ´ táº£ chi tiáº¿t cÃ´ng viá»‡c ká»¹ thuáº­t cáº§n thá»±c hiá»‡n.]

---

## âœ… Definition of Done (DoD)

- [ ] Code Ä‘Ã£ Ä‘Æ°á»£c viáº¿t vÃ  review.
- [ ] Unit test Ä‘Ã£ Ä‘Æ°á»£c viáº¿t vÃ  pass.
- [ ] Integration test Ä‘Ã£ Ä‘Æ°á»£c viáº¿t vÃ  pass.
- [ ] TÃ i liá»‡u Ä‘Ã£ Ä‘Æ°á»£c cáº­p nháº­t.
- [ ] Deploy lÃªn mÃ´i trÆ°á»ng staging thÃ nh cÃ´ng.

---

## ğŸ“‹ Checklist cÃ´ng viá»‡c

- [ ] Task 1
- [ ] Task 2
- [ ] Task 3

---

## ğŸ“ Ghi chÃº

- LiÃªn quan Ä‘áº¿n User Story: #","task","open","Epic 1: Setup DevOps & Environment"
"Task 1.4: CI/CD pipeline","## ğŸ“ MÃ´ táº£ Task

[MÃ´ táº£ chi tiáº¿t cÃ´ng viá»‡c ká»¹ thuáº­t cáº§n thá»±c hiá»‡n.]

---

## âœ… Definition of Done (DoD)

- [ ] Code Ä‘Ã£ Ä‘Æ°á»£c viáº¿t vÃ  review.
- [ ] Unit test Ä‘Ã£ Ä‘Æ°á»£c viáº¿t vÃ  pass.
- [ ] Integration test Ä‘Ã£ Ä‘Æ°á»£c viáº¿t vÃ  pass.
- [ ] TÃ i liá»‡u Ä‘Ã£ Ä‘Æ°á»£c cáº­p nháº­t.
- [ ] Deploy lÃªn mÃ´i trÆ°á»ng staging thÃ nh cÃ´ng.

---

## ğŸ“‹ Checklist cÃ´ng viá»‡c

- [ ] Task 1
- [ ] Task 2
- [ ] Task 3

---

## ğŸ“ Ghi chÃº

- LiÃªn quan Ä‘áº¿n User Story: #","task","open","Epic 1: Setup DevOps & Environment"
"Task 1.5: Monitoring & Logging","## ğŸ“ MÃ´ táº£ Task

[MÃ´ táº£ chi tiáº¿t cÃ´ng viá»‡c ká»¹ thuáº­t cáº§n thá»±c hiá»‡n.]

---

## âœ… Definition of Done (DoD)

- [ ] Code Ä‘Ã£ Ä‘Æ°á»£c viáº¿t vÃ  review.
- [ ] Unit test Ä‘Ã£ Ä‘Æ°á»£c viáº¿t vÃ  pass.
- [ ] Integration test Ä‘Ã£ Ä‘Æ°á»£c viáº¿t vÃ  pass.
- [ ] TÃ i liá»‡u Ä‘Ã£ Ä‘Æ°á»£c cáº­p nháº­t.
- [ ] Deploy lÃªn mÃ´i trÆ°á»ng staging thÃ nh cÃ´ng.

---

## ğŸ“‹ Checklist cÃ´ng viá»‡c

- [ ] Task 1
- [ ] Task 2
- [ ] Task 3

---

## ğŸ“ Ghi chÃº

- LiÃªn quan Ä‘áº¿n User Story: #","task","open","Epic 1: Setup DevOps & Environment"
